                  epoch,         train/box_loss,         train/cls_loss,         train/dfl_loss,   metrics/precision(B),      metrics/recall(B),       metrics/mAP50(B),    metrics/mAP50-95(B),           val/box_loss,           val/cls_loss,           val/dfl_loss,                 lr/pg0,                 lr/pg1,                 lr/pg2
                      1,                 1.7233,                 1.4018,                 2.4657,                0.89384,                 0.9026,                0.94879,                0.64901,                 1.1394,                0.78821,                 1.8818,               0.070012,               0.003332,               0.003332
                      2,                 1.2358,                0.88576,                 1.7384,                0.91194,                0.90759,                0.95998,                0.68275,                 1.0489,                 0.6479,                 1.7147,               0.039946,              0.0065994,              0.0065994
                      3,                 1.1876,                0.82865,                 1.6584,                0.91937,                0.92403,                0.96601,                  0.701,                 1.0076,                  0.599,                 1.6213,              0.0098138,              0.0098007,              0.0098007
                      4,                 1.1496,                0.77972,                 1.6028,                0.92885,                0.93509,                0.97383,                0.72244,                0.97921,                0.53091,                 1.5721,               0.009703,               0.009703,               0.009703
                      5,                 1.1014,                0.71694,                  1.551,                0.93529,                0.94512,                0.97432,                0.73846,                0.94285,                0.49194,                 1.5056,               0.009703,               0.009703,               0.009703
                      6,                 1.0633,                0.67655,                 1.5135,                 0.9356,                0.95057,                0.97808,                0.74879,                0.92148,                0.46474,                 1.4934,               0.009604,               0.009604,               0.009604
                      7,                 1.0462,                0.64888,                 1.4997,                0.94263,                0.95217,                0.98161,                0.76138,                0.90342,                0.43386,                 1.4784,               0.009505,               0.009505,               0.009505
                      8,                 1.0255,                0.62712,                 1.4761,                0.93985,                0.95642,                0.98183,                0.76673,                0.88855,                0.42614,                 1.4567,               0.009406,               0.009406,               0.009406
                      9,                 1.0128,                0.61289,                 1.4657,                0.94357,                0.95955,                0.98341,                0.76854,                0.87982,                 0.4097,                 1.4486,               0.009307,               0.009307,               0.009307
                     10,                 1.0028,                0.59953,                 1.4515,                0.94073,                0.96166,                0.98354,                0.77345,                0.87103,                0.40386,                 1.4222,               0.009208,               0.009208,               0.009208
                     11,                 0.9947,                0.58809,                 1.4412,                0.94439,                0.96412,                0.98467,                0.77688,                0.86494,                0.39444,                 1.4112,               0.009109,               0.009109,               0.009109
                     12,                0.98623,                0.58332,                  1.428,                0.94707,                0.95982,                0.98458,                0.77812,                0.85907,                 0.3882,                 1.4027,                0.00901,                0.00901,                0.00901
                     13,                0.98125,                  0.577,                 1.4251,                 0.9477,                 0.9618,                0.98522,                0.78294,                0.85332,                0.38095,                 1.3947,               0.008911,               0.008911,               0.008911
                     14,                0.97445,                0.56674,                 1.4129,                 0.9476,                0.96301,                0.98512,                0.78358,                0.84883,                0.37683,                 1.3804,               0.008812,               0.008812,               0.008812
                     15,                0.96853,                0.56138,                  1.409,                0.94819,                 0.9646,                0.98567,                0.78565,                0.84617,                0.37107,                 1.3753,               0.008713,               0.008713,               0.008713
                     16,                0.96409,                0.55635,                  1.399,                0.94685,                0.96495,                0.98548,                 0.7874,                0.84103,                0.36908,                 1.3649,               0.008614,               0.008614,               0.008614
                     17,                0.95906,                0.55165,                 1.3842,                0.94771,                0.96645,                0.98567,                0.78774,                0.83766,                0.36607,                   1.35,               0.008515,               0.008515,               0.008515
                     18,                0.95788,                0.54684,                 1.3825,                0.94901,                0.96648,                0.98572,                0.78949,                0.83542,                0.36129,                 1.3433,               0.008416,               0.008416,               0.008416
                     19,                0.95033,                0.54223,                 1.3827,                0.94785,                 0.9683,                0.98551,                0.79093,                0.83275,                0.35887,                 1.3456,               0.008317,               0.008317,               0.008317
                     20,                0.94755,                0.53701,                  1.379,                0.95001,                0.96649,                 0.9857,                0.79137,                0.83122,                0.35579,                 1.3457,               0.008218,               0.008218,               0.008218
                     21,                0.94397,                0.53311,                 1.3816,                0.95087,                0.96645,                0.98595,                0.79201,                0.82937,                0.35327,                 1.3469,               0.008119,               0.008119,               0.008119
                     22,                0.94335,                0.53186,                  1.367,                 0.9504,                0.96644,                0.98597,                0.79311,                0.82723,                0.35143,                 1.3401,                0.00802,                0.00802,                0.00802
                     23,                0.93877,                0.52722,                 1.3593,                0.94887,                0.96865,                0.98615,                0.79423,                0.82564,                0.34972,                 1.3349,               0.007921,               0.007921,               0.007921
                     24,                0.93589,                0.52451,                 1.3517,                0.94921,                0.96896,                0.98615,                0.79444,                 0.8245,                0.34841,                 1.3307,               0.007822,               0.007822,               0.007822
                     25,                0.93312,                0.52206,                 1.3538,                0.94991,                0.96807,                0.98617,                0.79465,                 0.8237,                 0.3472,                 1.3285,               0.007723,               0.007723,               0.007723
                     26,                0.93209,                0.52179,                 1.3555,                0.95014,                 0.9678,                0.98622,                0.79524,                0.82284,                0.34629,                 1.3272,               0.007624,               0.007624,               0.007624
                     27,                0.92783,                0.51584,                  1.347,                0.95023,                0.96772,                0.98633,                0.79559,                0.82197,                0.34523,                 1.3249,               0.007525,               0.007525,               0.007525
